{"x_pct":0.18877911079745943,"y_pct":0.657077205882353,"w_pct":0.28158080451658435,"h_pct":0.08235294117647059,"label":"Sign here","page":1}