{"x_pct":0.6419437340153452,"y_pct":0.503382949932341,"w_pct":0.2799912084398977,"h_pct":0.09998731393775372,"label":"Sign here"}